INSERT INTO public."Slots" (suid, "roundNo", "moderatorId", date, "timeFrom", "timeTo", count, "gdpLink", "createdAt", "updatedAt") VALUES (3, '2', null, '2020-12-27', '21:00:00', '23:00:00', 0, null, '2020-12-11 08:29:33.908390', '2020-12-11 08:29:33.908390');
INSERT INTO public."Slots" (suid, "roundNo", "moderatorId", date, "timeFrom", "timeTo", count, "gdpLink", "createdAt", "updatedAt") VALUES (2, '1', null, '2020-12-26', '08:00:00', '09:00:00', 4, null, '2020-12-11 08:29:32.544996', '2020-12-11 18:32:13.495000');
INSERT INTO public."Slots" (suid, "roundNo", "moderatorId", date, "timeFrom", "timeTo", count, "gdpLink", "createdAt", "updatedAt") VALUES (1, '1', null, '2020-12-25', '08:00:00', '09:00:00', 3, null, '2020-12-11 08:29:31.165508', '2020-12-11 18:40:20.629000');

INSERT INTO public."Questions" (quid, question, mandatory, "createdAt", "updatedAt") VALUES (1, 'Are you happy?', true, '2020-12-11 08:29:35.267098', '2020-12-11 08:29:35.267098');
INSERT INTO public."Questions" (quid, question, mandatory, "createdAt", "updatedAt") VALUES (2, 'Are you sad?', true, '2020-12-11 08:29:36.644361', '2020-12-11 08:29:36.644361');
INSERT INTO public."Questions" (quid, question, mandatory, "createdAt", "updatedAt") VALUES (3, 'Are you angry?', true, '2020-12-11 08:29:38.016148', '2020-12-11 08:29:38.016148');

INSERT INTO public."Projects" (puid, title, description, domain, "createdAt", "updatedAt") VALUES (1, 'Project', 'ProNoob', 'TECH', '2020-12-11 14:00:01.639000', '2020-12-11 14:00:03.043000');

INSERT INTO public."Admins" (auid, name, email, password, "meetLink", "superUser", "isActive", "createdAt", "updatedAt") VALUES (2, 'Shubham', 'noob@ieee.org', '$2b$10$K0v/d9qJ2cjjHk3GbyMupu9DSvbrGdXrhMHnqxECU4oxckyX9n64u', null, false, true, '2020-12-11 17:06:00.737000', '2020-12-11 17:06:00.737000');
INSERT INTO public."Admins" (auid, name, email, password, "meetLink", "superUser", "isActive", "createdAt", "updatedAt") VALUES (1, 'ziyan', 'ziyan@gmail.com', '$2b$10$ohc77u/CtB6wRZ9QC2v6zu2zTiO3tuKOFzpLUc9uzqSVkob6veBt.', 'meet.google.com/fsa', false, true, '2020-12-11 16:56:37.998000', '2020-12-11 17:08:36.349000');

INSERT INTO public."Users" ("regNo", name, "phoneNo", email, password, "coreDomains", "specificDomains", puid, "projectLink", "createdAt", "updatedAt") VALUES ('20BCE0420', 'Shubham', 9999999999, 'tiseja2204@sdysofa.com', '$2b$10$ixrO6jNf5nl8SPDvQpuvuOI7mi6lSppRQiRKr9V2InnjVs.OXpq9a', '{Tech,Management}', '{CyberSecurity,Management}', null, null, '2020-12-11 08:30:21.747000', '2020-12-11 08:30:30.772000');
INSERT INTO public."Users" ("regNo", name, "phoneNo", email, password, "coreDomains", "specificDomains", puid, "projectLink", "createdAt", "updatedAt") VALUES ('20BCE0111', 'akshay', 9876543210, 'akshay.kumar2020@vitstudent.ac.in', '$2b$10$IPOM536IL3XMhMjfS9J24.MOqYXFel.2ld0C9dTPC4mNHnPoTu8MG', '{Tech,Management}', '{CyberSecurity,Management}', 1, null, '2020-12-11 17:01:55.614000', '2020-12-11 17:09:32.526000');
INSERT INTO public."Users" ("regNo", name, "phoneNo", email, password, "coreDomains", "specificDomains", puid, "projectLink", "createdAt", "updatedAt") VALUES ('20BCE0122', 'Thakur', 1234567899, 'thakur.kumar2020@vitstudent.ac.in', '$2b$10$CIpsruC3SOmCDj8E/CcIse4W10MIF25g8BETAkYiTpEtieVFkH2u6', '{Design,Management}', '{VFX,Management}', 1, null, '2020-12-11 17:03:31.550000', '2020-12-11 17:11:28.648000');
INSERT INTO public."Users" ("regNo", name, "phoneNo", email, password, "coreDomains", "specificDomains", puid, "projectLink", "createdAt", "updatedAt") VALUES ('20BCE0133', 'Bala', 8293718239, 'bala.kumar2020@vitstudent.ac.in', '$2b$10$TiFiEkpQzY/MvlMUBDvuUOanqCnsmpDmqyS8EnQO0foZtXdELY2..', '{Design}', '{VFX}', 1, null, '2020-12-11 17:04:21.247000', '2020-12-11 17:12:14.889000');
INSERT INTO public."Users" ("regNo", name, "phoneNo", email, password, "coreDomains", "specificDomains", puid, "projectLink", "createdAt", "updatedAt") VALUES ('20BCE0209', 'Shubham', 9999991234, 'shub.pal22020@vitstudent.ac.in', '$2b$10$iBBc07T3zc9EddLjkJPCj.ZiRuhx4iEtJ1Moo0yakpdj0p1/.X9yi', '{Tech,Management}', '{CyberSecurity,Management}', null, null, '2020-12-11 18:26:38.512000', '2020-12-11 18:28:36.280000');
INSERT INTO public."Users" ("regNo", name, "phoneNo", email, password, "coreDomains", "specificDomains", puid, "projectLink", "createdAt", "updatedAt") VALUES ('20BCI0168', 'Radhe', 9871627564, 'ram.bala2020@vitstudent.ac.in', '$2b$10$sct7VVtp3pP.ElboDR.18Ogatr12S44tgrsfPSbKGOWWQNGage6EW', '{Tech,Management}', '{App,Management}', null, null, '2020-12-11 18:31:19.634000', '2020-12-11 18:32:13.483000');
INSERT INTO public."Users" ("regNo", name, "phoneNo", email, password, "coreDomains", "specificDomains", puid, "projectLink", "createdAt", "updatedAt") VALUES ('20BEE0330', 'Kartik', 9191203049, 'noob.pro2020@vitstudent.ac.in', '$2b$10$d9OD56Gu0tgWFfpeqaVqD.mJYAOEXDCVdMwXfIhp34JJkIT.7kODW', '{Tech}', '{App}', null, null, '2020-12-11 18:34:54.942000', '2020-12-11 18:36:20.024000');
INSERT INTO public."Users" ("regNo", name, "phoneNo", email, password, "coreDomains", "specificDomains", puid, "projectLink", "createdAt", "updatedAt") VALUES ('20BME0210', 'Agniva', 9102398457, 'kar.ik2020@vitstudent.ac.in', '$2b$10$DuPzBxP3Giqj9SgsH2N1EuOXvUNGljFP6xqPx/g2xmxfIgR2iUhJW', '{Management}', '{Management}', null, null, '2020-12-11 18:39:43.338000', '2020-12-11 18:40:20.612000');
INSERT INTO public."Users" ("regNo", name, "phoneNo", email, password, "coreDomains", "specificDomains", puid, "projectLink", "createdAt", "updatedAt") VALUES ('20BCE0744', null, null, 'agnivabasak1@gmail.com', '$2b$10$/NgizlkThrz3bIPRZ3cNk.m5PaGQtHr6lNknSy8vjd3keVzV24iXu', null, null, null, null, '2020-12-11 21:33:37.731000', '2020-12-11 21:33:37.731000');

INSERT INTO public."Answers" ("regNo", quid, answer, "createdAt", "updatedAt") VALUES ('20BCE0111', 1, 'lok', '2020-12-11 17:03:03.864000', '2020-12-11 17:03:03.864000');
INSERT INTO public."Answers" ("regNo", quid, answer, "createdAt", "updatedAt") VALUES ('20BCE0111', 2, 'Best', '2020-12-11 17:03:04.061000', '2020-12-11 17:03:04.061000');
INSERT INTO public."Answers" ("regNo", quid, answer, "createdAt", "updatedAt") VALUES ('20BCE0111', 3, 'NO', '2020-12-11 17:03:04.207000', '2020-12-11 17:03:04.207000');
INSERT INTO public."Answers" ("regNo", quid, answer, "createdAt", "updatedAt") VALUES ('20BCE0122', 1, 'gg', '2020-12-11 17:04:03.364000', '2020-12-11 17:04:03.364000');
INSERT INTO public."Answers" ("regNo", quid, answer, "createdAt", "updatedAt") VALUES ('20BCE0122', 2, 'yes', '2020-12-11 17:04:03.409000', '2020-12-11 17:04:03.409000');
INSERT INTO public."Answers" ("regNo", quid, answer, "createdAt", "updatedAt") VALUES ('20BCE0122', 3, 'NO', '2020-12-11 17:04:03.437000', '2020-12-11 17:04:03.437000');
INSERT INTO public."Answers" ("regNo", quid, answer, "createdAt", "updatedAt") VALUES ('20BCE0133', 1, 'gg', '2020-12-11 17:04:55.929000', '2020-12-11 17:04:55.929000');
INSERT INTO public."Answers" ("regNo", quid, answer, "createdAt", "updatedAt") VALUES ('20BCE0133', 2, 'yes', '2020-12-11 17:04:56.001000', '2020-12-11 17:04:56.001000');
INSERT INTO public."Answers" ("regNo", quid, answer, "createdAt", "updatedAt") VALUES ('20BCE0133', 3, 'NO', '2020-12-11 17:04:56.078000', '2020-12-11 17:04:56.078000');
INSERT INTO public."Answers" ("regNo", quid, answer, "createdAt", "updatedAt") VALUES ('20BCE0209', 1, 'UNITED', '2020-12-11 18:28:36.262000', '2020-12-11 18:28:36.262000');
INSERT INTO public."Answers" ("regNo", quid, answer, "createdAt", "updatedAt") VALUES ('20BCE0209', 2, 'No', '2020-12-11 18:28:36.275000', '2020-12-11 18:28:36.275000');
INSERT INTO public."Answers" ("regNo", quid, answer, "createdAt", "updatedAt") VALUES ('20BCI0168', 1, 'lok', '2020-12-11 18:32:13.462000', '2020-12-11 18:32:13.462000');
INSERT INTO public."Answers" ("regNo", quid, answer, "createdAt", "updatedAt") VALUES ('20BCI0168', 2, 'Best', '2020-12-11 18:32:13.469000', '2020-12-11 18:32:13.469000');
INSERT INTO public."Answers" ("regNo", quid, answer, "createdAt", "updatedAt") VALUES ('20BCI0168', 3, 'NO', '2020-12-11 18:32:13.475000', '2020-12-11 18:32:13.475000');
INSERT INTO public."Answers" ("regNo", quid, answer, "createdAt", "updatedAt") VALUES ('20BEE0330', 1, 'UNITED', '2020-12-11 18:36:19.997000', '2020-12-11 18:36:19.997000');
INSERT INTO public."Answers" ("regNo", quid, answer, "createdAt", "updatedAt") VALUES ('20BEE0330', 2, 'No', '2020-12-11 18:36:20.015000', '2020-12-11 18:36:20.015000');
INSERT INTO public."Answers" ("regNo", quid, answer, "createdAt", "updatedAt") VALUES ('20BME0210', 1, 'UNITED', '2020-12-11 18:40:20.597000', '2020-12-11 18:40:20.597000');
INSERT INTO public."Answers" ("regNo", quid, answer, "createdAt", "updatedAt") VALUES ('20BME0210', 2, 'No', '2020-12-11 18:40:20.608000', '2020-12-11 18:40:20.608000');

INSERT INTO public."Comments" (cuid, "regNo", auid, comment, "createdAt", "updatedAt") VALUES (1, '20BCE0111', 2, 'souunds good', '2020-12-11 17:09:32.489000', '2020-12-11 17:09:32.489000');
INSERT INTO public."Comments" (cuid, "regNo", auid, comment, "createdAt", "updatedAt") VALUES (2, '20BCE0122', 2, 'souunds good', '2020-12-11 17:10:03.005000', '2020-12-11 17:10:03.005000');
INSERT INTO public."Comments" (cuid, "regNo", auid, comment, "createdAt", "updatedAt") VALUES (3, '20BCE0122', 2, 'souunds good', '2020-12-11 17:11:28.462000', '2020-12-11 17:11:28.462000');
INSERT INTO public."Comments" (cuid, "regNo", auid, comment, "createdAt", "updatedAt") VALUES (4, '20BCE0133', 2, 'souunds good', '2020-12-11 17:12:14.872000', '2020-12-11 17:12:14.872000');

INSERT INTO public."Rounds" (id, "roundNo", "regNo", auid, suid, cuid, exception, "meetingCompleted", status, "specificDomain", "coreDomain", "createdAt", "updatedAt") VALUES (2, '1', '20BCE0111', 2, 2, 1, false, true, 'AR', 'Unknown', 'Unknown', '2020-12-11 17:03:04.486000', '2020-12-11 17:09:32.497000');
INSERT INTO public."Rounds" (id, "roundNo", "regNo", auid, suid, cuid, exception, "meetingCompleted", status, "specificDomain", "coreDomain", "createdAt", "updatedAt") VALUES (5, '2', '20BCE0111', null, null, null, false, false, 'PR', 'CyberSecurity', 'Tech', '2020-12-11 17:09:32.515000', '2020-12-11 17:09:32.515000');
INSERT INTO public."Rounds" (id, "roundNo", "regNo", auid, suid, cuid, exception, "meetingCompleted", status, "specificDomain", "coreDomain", "createdAt", "updatedAt") VALUES (3, '1', '20BCE0122', 2, 2, 3, false, true, 'AR', 'Unknown', 'Unknown', '2020-12-11 17:04:03.467000', '2020-12-11 17:11:28.474000');
INSERT INTO public."Rounds" (id, "roundNo", "regNo", auid, suid, cuid, exception, "meetingCompleted", status, "specificDomain", "coreDomain", "createdAt", "updatedAt") VALUES (9, '2', '20BCE0122', null, null, null, false, false, 'PR', 'VFX', 'Design', '2020-12-11 17:11:28.573000', '2020-12-11 17:11:28.573000');
INSERT INTO public."Rounds" (id, "roundNo", "regNo", auid, suid, cuid, exception, "meetingCompleted", status, "specificDomain", "coreDomain", "createdAt", "updatedAt") VALUES (4, '1', '20BCE0133', 2, 2, 4, false, true, 'AR', 'Unknown', 'Unknown', '2020-12-11 17:04:56.137000', '2020-12-11 17:12:14.882000');
INSERT INTO public."Rounds" (id, "roundNo", "regNo", auid, suid, cuid, exception, "meetingCompleted", status, "specificDomain", "coreDomain", "createdAt", "updatedAt") VALUES (11, '2', '20BCE0133', null, null, null, false, false, 'PR', 'GraphicDesign', 'Design', '2020-12-11 17:12:14.901000', '2020-12-11 17:12:14.901000');
INSERT INTO public."Rounds" (id, "roundNo", "regNo", auid, suid, cuid, exception, "meetingCompleted", status, "specificDomain", "coreDomain", "createdAt", "updatedAt") VALUES (6, '2', '20BCE0111', null, 3, null, false, false, 'PR', 'Management', 'Management', '2020-12-11 17:09:32.531000', '2020-12-11 17:09:32.531000');
INSERT INTO public."Rounds" (id, "roundNo", "regNo", auid, suid, cuid, exception, "meetingCompleted", status, "specificDomain", "coreDomain", "createdAt", "updatedAt") VALUES (10, '2', '20BCE0122', null, 3, null, false, false, 'PR', 'Management', 'Management', '2020-12-11 17:11:28.663000', '2020-12-11 17:11:28.663000');
INSERT INTO public."Rounds" (id, "roundNo", "regNo", auid, suid, cuid, exception, "meetingCompleted", status, "specificDomain", "coreDomain", "createdAt", "updatedAt") VALUES (13, '1', '20BCI0168', null, 2, null, false, false, 'PR', 'Unknown', 'Unknown', '2020-12-11 18:32:13.489000', '2020-12-11 18:32:19.854000');
INSERT INTO public."Rounds" (id, "roundNo", "regNo", auid, suid, cuid, exception, "meetingCompleted", status, "specificDomain", "coreDomain", "createdAt", "updatedAt") VALUES (12, '1', '20BCE0209', null, 1, null, false, false, 'PR', 'Unknown', 'Unknown', '2020-12-11 18:28:36.290000', '2020-12-11 18:34:27.836000');
INSERT INTO public."Rounds" (id, "roundNo", "regNo", auid, suid, cuid, exception, "meetingCompleted", status, "specificDomain", "coreDomain", "createdAt", "updatedAt") VALUES (14, '1', '20BEE0330', null, 1, null, false, false, 'PR', 'Unknown', 'Unknown', '2020-12-11 18:36:20.031000', '2020-12-11 18:36:24.443000');
INSERT INTO public."Rounds" (id, "roundNo", "regNo", auid, suid, cuid, exception, "meetingCompleted", status, "specificDomain", "coreDomain", "createdAt", "updatedAt") VALUES (15, '1', '20BME0210', null, 1, null, false, false, 'PR', 'Unknown', 'Unknown', '2020-12-11 18:40:20.618000', '2020-12-11 18:40:27.506000');
